{"format_version":"1.8.0","animations":{"animation.fraxure.ground_idle":{"loop":true,"bones":{"chest":{"rotation":[5,0,0]},"shoulder_left":{"rotation":[19.62342,8.68889,28.43688]},"arm_left":{"rotation":[5.72511,29.4987,11.50839]},"hand_left":{"rotation":[-22.09183,17.27513,11.6804]},"finger_left1":{"rotation":[5.25453,9.62292,10.45297]},"finger_left2":{"rotation":[-12.35823,-5.17335,11.36951]},"neck":{"rotation":[0,0,0]},"thumb_left":{"rotation":[55.35446,-62.88149,-38.98764]},"leg_left":{"rotation":[-21.68851,-40.63083,-21.88123],"position":[-1,0,0.5]},"leg_left2":{"rotation":[39.28769,-8.47872,9.20299]},"toe_left2":{"rotation":[-4.99527,-0.21782,-2.4905]},"toe_left1":{"rotation":[-5.10997,12.88718,3.87643],"position":[0,0.2,0]},"toe_left3":{"rotation":[0,-20,5],"position":[0,0.2,0]},"shoulder_right":{"rotation":[19.62342,-8.68889,-28.43688]},"arm_right":{"rotation":[5.72511,-29.4987,-11.50839]},"hand_right":{"rotation":[-22.09183,-17.27513,-11.6804]},"thumb_right":{"rotation":[55.35446,62.88149,38.98764]},"finger_right1":{"rotation":[5.25453,-9.62292,-10.45297]},"finger_right2":{"rotation":[-12.35823,5.17335,-11.36951]},"leg_right":{"rotation":[-21.68851,40.63083,21.88123],"position":[1,0,0.5]},"leg_right2":{"rotation":[39.28769,8.47872,-9.20299]},"toe_right1":{"rotation":[-5.10997,-12.88718,-3.87643],"position":[0,0.2,0]},"toe_right2":{"rotation":[-4.99527,0.21782,2.4905]},"toe_right3":{"rotation":[0,20,-5],"position":[0,0.2,0]},"tail":{"rotation":[-20,0,0]},"tail2":{"rotation":[25,0,0]},"tail3":{"rotation":[25,0,0]},"tail4":{"rotation":[27.5,0,0]},"body":{"position":[0,-3.5,0]}}},"animation.fraxure.battle_idle":{"loop":true,"bones":{"body":{"rotation":[0,-15,0],"position":[0,-3.5,0]},"torso":{"rotation":[0,0,-2.5]},"chest":{"rotation":[5.03852,9.99038,0.44067]},"shoulder_left":{"rotation":[2.04768,26.44196,4.10206],"position":[0,0,-0.8]},"arm_left":{"rotation":[4.98719,-2.86747,8.43209]},"hand_left":{"rotation":[-27.54966,-3.67818,-31.52048]},"finger_left1":{"rotation":[-0.79745,10.92348,-22.56588],"position":[-0.2,0,0]},"finger_left2":{"rotation":[-10.97048,-7.71042,-0.94943]},"neck":{"rotation":[0,0,0]},"head":{"rotation":[-5.43377,4.61539,-4.10739]},"jaw":{"rotation":[37.5,0,0]},"thumb_left":{"rotation":[40.98173,-53.22049,18.66949]},"leg_left":{"rotation":[-21.68851,-40.63083,-21.88123],"position":[-1,0,0.5]},"leg_left2":{"rotation":[39.28769,-8.47872,9.20299]},"toe_left2":{"rotation":[-4.99527,-0.21782,-2.4905]},"toe_left1":{"rotation":[-5.10997,12.88718,3.87643],"position":[0,0.2,0]},"toe_left3":{"rotation":[0,-20,5],"position":[0,0.2,0]},"shoulder_right":{"rotation":[6.90557,11.02104,-2.6107],"position":[0,0,0.5]},"arm_right":{"rotation":[4.98719,2.86747,-8.43209]},"hand_right":{"rotation":[3.21356,7.27101,19.50658]},"thumb_right":{"rotation":[16.24313,69.53187,-4.2027]},"finger_right1":{"rotation":[4.39041,-10.04354,-5.39635]},"finger_right2":{"rotation":[-7.13156,7.70578,-6.70658]},"leg_right":{"rotation":[-34.18851,40.63083,21.88123],"position":[0.32932,-1.16589,0.02046]},"leg_right2":{"rotation":[46.78769,8.47872,-9.20299]},"toe_right1":{"rotation":[7.39003,-12.88718,-3.87643]},"toe_right2":{"rotation":[2.16194,-1.28775,-4.40125]},"toe_right3":{"rotation":[0,20,-5]},"tail":{"rotation":[-9.39942,19.84302,-10.82777]},"tail2":{"rotation":[26.78135,20.29348,9.92926]},"tail3":{"rotation":[25,0,0]},"tail4":{"rotation":[27.5,0,0]}}},"animation.fraxure.blink":{"animation_length":0.1667,"bones":{"eyelid_left":{"position":{"0.0":[0.1,0,-0.1],"0.125":{"pre":[0.1,0,-0.1],"post":[0,0,0]}}},"eyelid_right":{"position":{"0.0":[-0.1,0,-0.1],"0.125":{"pre":[-0.1,0,-0.1],"post":[0,0,0]}}}}},"animation.fraxure.angry":{"loop":true,"bones":{"eyelid_angry_left":{"position":[0,-0.5,0]},"eyelid_angry_right":{"position":[0,-0.5,0]}}},"animation.fraxure.sad":{"loop":true,"bones":{"eyelid_angry_left":{"position":[-0.1,0,0.1]},"eyelid_sad_left":{"position":[0.1,0,0]},"eyelid_angry_right":{"position":[0.1,0,0.1]},"eyelid_sad_right":{"position":[-0.1,0,0]}}},"animation.fraxure.unamused":{"loop":true,"bones":{"eyelid_angry_left":{"position":[-0.1,0,0.1]},"eyelid_unamused_left":{"position":[0.1,0,-0.1]},"eyelid_angry_right":{"position":[0.1,0,0.1]},"eyelid_unamused_right":{"position":[-0.1,0,-0.1]}}},"animation.fraxure.happy":{"loop":true,"bones":{"eyelid_angry_left":{"position":[-0.1,0,0.1]},"eyelid_happy_left":{"position":[0.1,0,-0.1]},"eyelid_angry_right":{"position":[0.1,0,0.1]},"eyelid_happy_right":{"position":[-0.1,0,-0.1]}}},"animation.fraxure.surprise":{"loop":true,"bones":{"pupil_left":{"scale":[1,0.7,0.7]},"eyelid_angry_left":{"position":[-0.1,0,0.1]},"jaw":{"rotation":[25,0,0]},"pupil_right":{"scale":[1,0.7,0.7]},"eyelid_angry_right":{"position":[0.1,0,0.1]}}},"animation.fraxure.cry_placeholder":{"animation_length":1.25,"bones":{"head":{"rotation":{"0.0":[0,0,0],"0.125":{"pre":[10,0,0],"post":[10,0,0],"lerp_mode":"catmullrom"},"0.2917":{"post":[-15.5,0,0],"lerp_mode":"catmullrom"},"0.9583":[-17.5,0,0],"1.25":[0,0,0]}},"jaw":{"rotation":{"0.0":[0,0,0],"0.1667":{"pre":[4.2,0,0],"post":[4.2,0,0],"lerp_mode":"catmullrom"},"0.25":{"post":[32.5,0,0],"lerp_mode":"catmullrom"},"0.9583":[35,0,0],"1.25":[0,0,0]}},"neck":{"rotation":{"0.0":[0,0,0],"0.0833":[5.5,0,0],"0.25":{"pre":[-9,0,0],"post":[-9,0,0],"lerp_mode":"catmullrom"},"0.7917":{"post":[-9,0,0],"lerp_mode":"catmullrom"},"1.25":[0,0,0]}},"leaves":{"rotation":{"0.0":[0,0,0],"0.1667":[0,0,0],"0.3333":[0,"0+math.cos(query.anim_time*90*3/2*10)*5","0-math.cos(query.anim_time*90*3/2*10-60)*3"],"1.1667":[0,0,0]}},"neck2":{"rotation":{"0.0":[0,0,0],"0.0833":[-9,0,0],"0.2917":{"pre":[16,0,0],"post":[16,0,0],"lerp_mode":"catmullrom"},"0.8333":{"post":[16,0,0],"lerp_mode":"catmullrom"},"1.25":[0,0,0]}},"eyelid_left":{"position":{"0.0":[0,0,0],"0.0417":[0,0,0],"0.0833":[0.1,0,0],"0.1667":[0.1,0,0],"0.2083":[0,0,0]}},"eyelid_right":{"position":{"0.0":[0,0,0],"0.0417":[0,0,0],"0.0833":[-0.1,0,0],"0.1667":[-0.1,0,0],"0.2083":[0,0,0]}}},"sound_effects":{"0.0":{"effect":"pokemon.fraxure.cry"}}}}}