{"format_version":"1.8.0","animations":{"animation.grapploct.ground_idle":{"loop":true,"bones":{"torso":{"rotation":[5,0,0]},"head":{"rotation":[-27.5,0,0]},"head2":{"rotation":[-60,0,0]},"torso2":{"rotation":[27.5,0,0]},"arm_top_left":{"rotation":[0,25,0]},"arm_top_left2":{"rotation":[-5.2578,49.60055,-13.41681]},"arm_top_left3":{"rotation":[-1.82207,27.31236,-13.23264]},"arm_bottom_left":{"rotation":[8.73739,12.2403,35.93866]},"arm_bottom_left2":{"rotation":[-9.53542,41.46103,-16.6392]},"arm_bottom_left3":{"rotation":[0,30,-15]},"belt2":{"rotation":[0,65,0]},"belt":{"rotation":[0,45,0]},"belt5":{"rotation":[0,60,0]},"belt4":{"rotation":[0,35,0]},"belt3":{"rotation":[0,55,0]},"belt6":{"rotation":[0,47.5,0]},"belt7":{"rotation":[0,25,0]},"belt8":{"rotation":[0,45,0]},"arm_bottom_left4":{"rotation":[14.65477,21.69835,3.81767]},"arm_top_left4":{"rotation":[12.72266,15.19918,19.80648]},"leg_back":{"rotation":[20,0,0]},"leg_back2":{"rotation":[10,0,0]},"leg_back3":{"rotation":[35,0,0]},"leg_back4":{"rotation":[30,0,0]},"leg_right4":{"rotation":[0,-50,0]},"leg_right2":{"rotation":[37.60555,-3.9649,-3.04868]},"leg_right3":{"rotation":[31.38086,-11.63717,4.53174]},"leg_back5":{"rotation":[31.88034,6.6782,-10.59061]},"mouth_open":{"position":[0,0,0]},"arm_bottom_right4":{"rotation":[14.65477,-21.69835,-3.81767]},"arm_bottom_right":{"rotation":[8.73739,-12.2403,-35.93866]},"arm_bottom_right2":{"rotation":[-9.53542,-41.46103,16.6392]},"arm_bottom_right3":{"rotation":[0,-30,15]},"arm_top_right4":{"rotation":[12.72266,-15.19918,-19.80648]},"arm_top_right":{"rotation":[0,-25,0]},"arm_top_right2":{"rotation":[-5.2578,-49.60055,13.41681]},"arm_top_right3":{"rotation":[-1.82207,-27.31236,13.23264]},"leg_left4":{"rotation":[0,50,0]},"leg_left2":{"rotation":[37.60555,3.9649,3.04868]},"leg_left3":{"rotation":[31.38086,11.63717,-4.53174]},"leg_back6":{"rotation":[22.32648,-2.86313,6.93488]}}},"animation.grapploct.cry":{"animation_length":1.5,"bones":{"neck":{"rotation":{"0.0":[0,0,0],"0.25":[10,0,0],"1.25":[10,0,0],"1.5":[0,0,0]}},"mouth":{"position":{"0.0":[0,0,0],"0.25":[0,-2,0],"1.25":[0,-2,0],"1.5":[0,0,0]}},"mouth2":{"position":{"0.0":[0,0,0],"0.25":[0,-5,0],"1.25":[0,-5,0],"1.5":[0,0,0]}},"jaw":{"position":{"0.0":[0,0,0],"0.25":[0,-3,0],"1.25":[0,-3,0],"1.5":[0,0,0]}},"mouth_closed2":{"position":{"0.25":[0,0,-0.1],"0.3333":[0,0,0],"1.1667":[0,0,0],"1.25":[0,0,-0.1]}},"mouth_open2":{"position":{"0.0":[0,0,0.1],"0.25":[0,0,0],"1.25":[0,0,0],"1.5":[0,0,0.1]}},"head3":{"rotation":{"0.0":[0,0,0],"0.25":[-15,0,0],"1.25":[-15,0,0],"1.5":[0,0,0]}},"mouth_closed3":{"position":{"0.25":[0,0,-0.1],"0.3333":[0,0,0],"1.1667":[0,0,0],"1.25":[0,0,-0.1]}},"mouth_open3":{"position":{"0.0":[0,0,0.1],"0.25":[0,0,0],"1.25":[0,0,0],"1.5":[0,0,0.1]}},"mouth_closed":{"position":{"0.25":[0,0,0],"0.3333":[0,0,0.1],"1.1667":[0,0,0.1],"1.25":[0,0,0]}},"mouth_open":{"position":{"0.0":[0,0,0],"0.25":[0,0,-0.1],"1.25":[0,0,-0.1],"1.5":[0,0,0]}},"head":{"rotation":{"0.0":[0,0,0],"0.25":[-15,0,0],"1.25":[-15,0,0],"1.5":[0,0,0]}},"head2":{"rotation":{"0.0":[0,0,0],"0.25":[-15,0,0],"1.25":[-15,0,0],"1.5":[0,0,0]}}}},"animation.grapploct.blink":{"animation_length":0.1667,"bones":{"eyelid_right":{"position":{"0.0":[0,0,-0.1],"0.125":[0,0,-0.1],"0.1667":[0,0,0]}},"eyelid_left":{"position":{"0.0":[0,0,-0.1],"0.125":[0,0,-0.1],"0.1667":[0,0,0]}}}}}}