{"format_version":"1.8.0","animations":{"animation.hawlucha.ground_idle":{"loop":true,"bones":{"wing_back":{"rotation":[35,0,0]},"feather_back_left2":{"rotation":[-5,0,0]},"feather_back_right2":{"rotation":[-5,0,0]},"wing_back2":{"rotation":[-10,0,0]},"shoulder_left":{"rotation":[3.07682,13.09773,34.80537]},"forearm_left":{"rotation":[27.8119,34.00932,25.4799]},"feather_lower_left3":{"rotation":[-25.86959,4.92704,1.29853],"position":[0.04697,0.65904,0.3549]},"feather_lower_left4":{"rotation":[-17.5,0,0]},"feather_lower_left":{"rotation":[-24.0773,-3.76443,-10.53256],"position":[0.27221,0.6062,-0.77358]},"feather_lower_left2":{"rotation":[-22.5,0,0]},"finger_front_left":{"rotation":[52.5,-15,-50],"position":[0.05745,0,0.04821]},"wing_upper_left":{"rotation":[-48.45486,9.06524,-12.0012],"position":[-0.48296,0.81047,1.26881]},"feather_upper_left5":{"rotation":[11.21436,13.28319,22.66886],"position":[-0.07593,-0.50697,-0.39259]},"feather_upper_left6":{"rotation":[-15,0,0]},"feather_upper_left3":{"rotation":[9.95682,10.00943,-0.22119],"position":[-0.00603,-0.24342,-0.38082]},"feather_upper_left4":{"rotation":[-15,0,0]},"feather_upper_left":{"rotation":[10.01059,6.64734,4.91522],"position":[-1.21172,0.18008,0.15527]},"feather_upper_left2":{"rotation":[-15,0,0]},"leg_left":{"rotation":[-1.75919,-4.7361,-29.37371],"position":[-0.29081,-0.96997,-0.03715]},"leg_left2":{"rotation":[7.38733,-1.29876,9.91615]},"foot_left":{"rotation":[-2.49962,0.04362,18.49905]},"toe_inner_left":{"rotation":[0,15,0]},"head_angle":{"rotation":[12.5,0,0]},"finger_back_left":{"rotation":[-61.01616,21.26443,-52.38386]},"wing_lower_left":{"rotation":[-23.00409,14.47751,-18.96713]},"toe_outer_left":{"rotation":[0,-15,0]},"leg_right":{"rotation":[-1.75919,4.7361,29.37371],"position":[0.29081,-0.96997,-0.03715]},"leg_right2":{"rotation":[7.38733,1.29876,-9.91615]},"foot_right":{"rotation":[-2.49962,-0.04362,-18.49905]},"toe_outer_right":{"rotation":[0,15,0]},"toe_inner_right":{"rotation":[0,-15,0]},"iris_left2":{"position":[0,0,0]},"pupil_left":{"position":[0,-0.25,0]},"shoulder_right":{"rotation":[3.07682,-13.09773,-34.80537]},"forearm_right":{"rotation":[27.8119,-34.00932,-25.4799]},"wing_lower_right":{"rotation":[-16.70448,-15.96987,14.02121]},"feather_lower_right3":{"rotation":[-25.09202,-8.15744,-8.11253],"position":[-0.04697,0.65904,0.3549]},"feather_lower_right4":{"rotation":[-17.5,0,0]},"feather_lower_right":{"rotation":[-24.0773,3.76443,10.53256],"position":[-0.27221,0.6062,-0.77358]},"feather_lower_right2":{"rotation":[-22.5,0,0]},"wing_upper_right":{"rotation":[-48.45486,-9.06524,12.0012],"position":[0.48296,0.81047,1.26881]},"feather_upper_right5":{"rotation":[11.21436,-13.28319,-22.66886],"position":[0.07593,-0.50697,-0.39259]},"feather_upper_right6":{"rotation":[-20,0,0]},"feather_upper_right3":{"rotation":[9.95682,-10.00943,0.22119],"position":[0.00603,-0.24342,-0.38082]},"feather_upper_right4":{"rotation":[-15,0,0]},"feather_upper_right":{"rotation":[10.01059,-6.64734,-4.91522],"position":[1.21172,0.18008,0.15527]},"feather_upper_right2":{"rotation":[-15,0,0]},"finger_front_right":{"rotation":[52.5,15,50],"position":[-0.05745,0,0.04821]},"finger_back_right":{"rotation":[-61.01616,-21.26443,52.38386]},"hand_left":{"rotation":[22.5,0,17.5]},"hand_right":{"rotation":[22.5,0,-17.5]}}},"animation.hawlucha.battle_idle":{"loop":true,"bones":{"wing_back":{"rotation":[35,0,0]},"feather_back_left2":{"rotation":[-5,0,0]},"feather_back_right2":{"rotation":[-5,0,0]},"wing_back2":{"rotation":[-10,0,0]},"shoulder_left":{"rotation":[-3.38633,-9.44969,7.89036]},"forearm_left":{"rotation":[5.47194,48.77583,-9.73008]},"feather_lower_left3":{"rotation":[-25.76773,0.42561,3.47797],"position":[0.04697,0.65904,0.3549]},"feather_lower_left4":{"rotation":[-17.5,0,0]},"feather_lower_left":{"rotation":[-25.74923,-14.07973,-2.95795],"position":[0.27221,0.6062,-0.77358]},"feather_lower_left2":{"rotation":[-22.5,0,0]},"finger_front_left":{"rotation":[40.82242,-35.83155,-39.99698],"position":[0.05745,0,0.04821]},"wing_upper_left":{"rotation":[-44.56145,-7.05302,-7.10708],"position":[0.81116,0.81915,0.81915]},"feather_upper_left5":{"rotation":[12.67812,30.41124,26.55714],"position":[-0.05402,-0.00893,-0.13965]},"feather_upper_left6":{"rotation":[-20,0,0]},"feather_upper_left3":{"rotation":[10.27849,17.39315,1.13399],"position":[-0.29318,0.31141,0.03416]},"feather_upper_left4":{"rotation":[-15,0,0]},"feather_upper_left":{"rotation":[10.01059,6.64734,4.91522],"position":[-1.30744,0.36502,0.2936]},"feather_upper_left2":{"rotation":[-15,0,0]},"leg_left":{"rotation":[18.6387,-8.34072,-37.4277],"position":[-0.66679,-2.32859,-0.15032]},"leg_left2":{"rotation":[22.38733,-1.29876,9.91615]},"foot_left":{"rotation":[-24.65842,4.25155,27.57905]},"toe_inner_left":{"rotation":[0,15,0]},"head_angle":{"rotation":[12.5,0,0]},"finger_back_left":{"rotation":[-32.85925,28.30713,-41.30475]},"wing_lower_left":{"rotation":[-12.63678,16.44163,-6.04771]},"toe_outer_left":{"rotation":[0,-15,0]},"leg_right":{"rotation":[-57.62253,25.63508,1.62005],"position":[0.29081,-2.96997,-0.03715]},"leg_right2":{"rotation":[57.5,0,0],"position":[0,-0.1352,0.20045]},"toe_outer_right":{"rotation":[0,15,0]},"toe_inner_right":{"rotation":[0,-15,0]},"torso":{"position":[0,-2,0]},"hand_left":{"rotation":[-14.596,34.40686,-10.94959]},"pupil_left":{"position":[0,-0.25,0]},"waist_feather_middle":{"rotation":[-24.72201,-3.97424,-2.64803]},"shoulder_right":{"rotation":[-4.18802,-9.51091,12.37702]},"forearm_right":{"rotation":[5.47194,-48.77583,9.73008]},"wing_lower_right":{"rotation":[-21.05564,-24.23412,14.59137]},"feather_lower_right3":{"rotation":[-39.188,26.10466,-17.91791],"position":[-0.04697,0.65904,0.3549]},"feather_lower_right4":{"rotation":[-17.5,0,0]},"feather_lower_right":{"rotation":[-34.8077,42.42175,-15.47549],"position":[-0.27221,0.6062,-0.77358]},"feather_lower_right2":{"rotation":[-22.5,0,0]},"wing_upper_right":{"rotation":[-53.45486,-9.06524,12.0012],"position":[0,0.91314,1.19003]},"feather_upper_right5":{"rotation":[10.91233,-1.01366,-20.256],"position":[0.05402,-0.00893,-0.13965]},"feather_upper_right6":{"rotation":[-20,0,0]},"feather_upper_right3":{"rotation":[9.83817,4.76982,2.79503],"position":[0.29318,0.31141,0.03416]},"feather_upper_right4":{"rotation":[-15,0,0]},"feather_upper_right":{"rotation":[10.32232,15.50828,-0.95663],"position":[1.30744,0.36502,0.2936]},"feather_upper_right2":{"rotation":[-15,0,0]},"hand_right":{"rotation":[-32.096,-34.40686,10.94959]},"finger_front_right":{"rotation":[40.82242,35.83155,39.99698],"position":[-0.05745,0,0.04821]},"finger_back_right":{"rotation":[-32.85925,-28.30713,41.30475]},"waist_feather_front_right":{"rotation":[-25,0,0]}}},"animation.hawlucha.blink":{"animation_length":0.1667,"bones":{"eyelid_left":{"position":{"0.0":[0.1,0,0],"0.1667":{"pre":[0.1,0,0],"post":[0,0,0]}}},"eyelid_right":{"position":{"0.0":[-0.1,0,0],"0.1667":{"pre":[-0.1,0,0],"post":[0,0,0]}}}}},"animation.hawlucha.cry":{"animation_length":1,"bones":{"head":{"rotation":{"0.0":{"post":[0,0,0],"lerp_mode":"catmullrom"},"0.125":{"post":[7.5,0,0],"lerp_mode":"catmullrom"},"0.2083":{"post":[7.5,0,0],"lerp_mode":"catmullrom"},"0.5":{"post":[-7.94,0,0],"lerp_mode":"catmullrom"},"1.0":{"post":[0,0,0],"lerp_mode":"catmullrom"}},"position":{"0.0":{"post":[0,0,0],"lerp_mode":"catmullrom"},"1.0":{"post":[0,0,0],"lerp_mode":"catmullrom"}}},"mouth_open":{"position":{"0.0":[0,0,0],"0.0833":[0,0,0],"0.125":[0,0,-0.1],"0.9583":[0,0,-0.1],"1.0":[0,0,0]}}},"sound_effects":{"0.0":{"effect":"pokemon.hawlucha.cry"}}},"animation.hawlucha.pose":{"loop":true,"animation_length":0.0417,"bones":{"wing_back":{"rotation":[35,0,0]},"feather_back_left2":{"rotation":[-5,0,0]},"feather_back_right2":{"rotation":[-5,0,0]},"wing_back2":{"rotation":[-10,0,0]},"shoulder_left":{"rotation":[3.07682,13.09773,34.80537]},"forearm_left":{"rotation":[16.53814,11.21744,-2.9672]},"feather_lower_left3":{"rotation":[-30.65611,31.50767,-13.52766],