{"format_version":"1.8.0","animations":{"animation.ninetales.ground_idle":{"loop":true,"bones":{"body":{"position":[0,-0.3,0]},"torso":{"rotation":[5,0,0]},"chest":{"rotation":[-4.84338,0.006,-1.24227]},"neck":{"rotation":[-12.5,0,0]},"neck_fur_left2":{"rotation":[0,0,-7.5]},"neck_fur_right2":{"rotation":[0,0,7.5]},"neck2":{"rotation":[-12.5,0,0]},"head_rotation":{"rotation":[32.5,0,0]},"hair2":{"rotation":[-2.5,0,0]},"hair_back_top":{"rotation":[-2.5,0,0]},"hair_back_top2":{"rotation":[-22.5,0,0]},"hair_back_bottom2":{"rotation":[-20,0,0]},"tail_middle":{"rotation":[42.5,0,0]},"tail_middle2":{"rotation":[7.5,0,0]},"tail_middle3":{"rotation":[17.5,0,0]},"tail_middle4":{"rotation":[-37.5,0,0]},"tail_middle5":{"rotation":[-35,2.5,0]},"tail_middle6":{"rotation":[-42.5,0,0]},"tail_middle7":{"rotation":[-25,0,0]},"tail_middle8":{"rotation":[35,0,0]},"tail_left1_rotation":{"rotation":[27.52564,2.04767,1.43455]},"tail_left1_2":{"rotation":[15.01365,2.41476,0.64743]},"tail_left1_3":{"rotation":[17.5,0,0]},"tail_left1_4":{"rotation":[-32.59907,-4.21541,2.69136]},"tail_left1_5":{"rotation":[-37.60555,-3.9649,3.04868]},"tail_left1_6":{"rotation":[-40.1076,3.82821,-3.21873]},"tail_left1_7":{"rotation":[-27.70212,6.64851,-3.47875]},"tail_left1_8":{"rotation":[30.86748,12.95254,7.63074]},"tail_left2_rotation":{"rotation":[22.57734,4.61854,1.91757]},"tail_left2_2":{"rotation":[12.5,0,0]},"tail_left2_3":{"rotation":[15,0,0]},"tail_left2_4":{"rotation":[-20,0,0]},"tail_left2_5":{"rotation":[-56.26501,-9.93191,14.48174]},"tail_left2_6":{"rotation":[-37.15846,18.26883,-13.36473]},"tail_left2_7":{"rotation":[33.12598,10.51794,6.79286]},"tail_left3_rotation":{"rotation":[10,0,0]},"tail_left3_2":{"rotation":[22.57734,4.61854,1.91757]},"tail_left3_3":{"rotation":[10,0,0]},"tail_left3_4":{"rotation":[-30,0,0]},"tail_left3_5":{"rotation":[-27.86082,-8.86042,4.65468]},"tail_left3_6":{"rotation":[-43.18528,9.18229,-8.51814]},"tail_left3_7":{"rotation":[35.41318,8.17773,5.77509]},"tail_right1_rotation":{"rotation":[27.52564,-2.04767,-1.43455]},"tail_right1_2":{"rotation":[15.01365,-2.41476,-0.64743]},"tail_right1_3":{"rotation":[17.5,0,0]},"tail_right1_4":{"rotation":[-32.59907,4.21541,-2.69136]},"tail_right1_5":{"rotation":[-37.60555,3.9649,-3.04868]},"tail_right1_6":{"rotation":[-40.1076,-3.82821,3.21873]},"tail_right1_7":{"rotation":[-27.70212,-6.64851,3.47875]},"tail_right1_8":{"rotation":[30.86748,-12.95254,-7.63074]},"tail_right2_rotation":{"rotation":[22.57734,-4.61854,-1.91757]},"tail_right2_2":{"rotation":[12.5,0,0]},"tail_right2_3":{"rotation":[15,0,0]},"tail_right2_4":{"rotation":[-20,0,0]},"tail_right2_5":{"rotation":[-56.26501,9.93191,-14.48174]},"tail_right2_6":{"rotation":[-37.15846,-18.26883,13.36473]},"tail_right2_7":{"rotation":[33.12598,-10.51794,-6.79286]},"leg_front_left":{"rotation":[-9.98107,0.43523,4.98107]},"leg_front_left2":{"rotation":[-2.5,0,0]},"foot_front_left":{"rotation":[12.5,0,-5]},"leg_back_left":{"rotation":[10,0,-7.5]},"leg_back_left2":{"rotation":[-2.5,0,0]},"leg_back_left3":{"rotation":[-2.5,0,0]},"foot_back_left":{"rotation":[-5,0,7.5]},"leg_front_right":{"rotation":[10.01893,-0.43523,-4.98107]},"leg_front_right2":{"rotation":[-10,0,0]},"foot_front_right":{"rotation":[0,0,5]},"leg_back_right":{"rotation":[17.52136,0.32621,7.49294]},"leg_back_right2":{"rotation":[-5,0,0]},"leg_back_right3":{"rotation":[2.5,0,0]},"foot_back_right":{"rotation":[-15,0,-7.5]},"tail_right3_rotation":{"rotation":[10,0,0]},"tail_right3_2":{"rotation":[22.57734,-4.61854,-1.91757]},"tail_right3_3":{"rotation":[10,0,0]},"tail_right3_4":{"rotation":[-30,0,0]},"tail_right3_5":{"rotation":[-27.86082,8.86042,-4.65468]},"tail_right3_6":{"rotation":[-43.18528,-9.18229,8.51814]},"tail_right3_7":{"rotation":[35.41318,-8.17773,-5.77509]},"tail_left4_rotation":{"rotation":[0,10,0]},"tail_left4_2":{"rotation":[17.5,0,0]},"tail_left4_3":{"rotation":[20.44582,-11.73507,-4.3361]},"tail_left4_4":{"rotation":[-41.34198,-13.31791,11.45696]},"tail_left4_5":{"rotation":[-35.41318,8.17773,-5.77509]},"tail_left4_6":{"rotation":[39.71128,17.67415,14.15251]},"tail_right4_rotation":{"rotation":[0,-10,0]},"tail_right4_2":{"rotation":[17.5,0,0]},"tail_right4_3":{"rotation":[20.44582,11.73507,4.3361]},"tail_right4_4":{"rotation":[-41.34198,13.31791,-11.45696]},"tail_right4_5":{"rotation":[-35.41318,-8.17773,5.77509]},"tail_right4_6":{"rotation":[39.71128,-17.67415,-14.15251]}}},"animation.ninetales.cry":{"animation_length":1,"bones":{"mouth":{"position":{"0.0":[0,0,0],"0.25":[0,-0.0999,-0.00436],"0.75":[0,-0.0999,-0.00436],"1.0":[0,0,0]}},"head":{"rotation":{"0.0":{"post":[0,0,0],"lerp_mode":"catmullrom"},"0.25":{"post":[-15,0,0],"lerp_mode":"catmullrom"},"0.6667":{"post":[-15,0,0],"lerp_mode":"catmullrom"},"0.9167":{"post":[0,0,0],"lerp_mode":"catmullrom"}}},"jaw":{"rotation":{"0.0":{"post":[0,0,0],"lerp_mode":"catmullrom"},"0.25":{"post":[65,0,0],"lerp_mode":"catmullrom"},"0.75":{"post":[65,0,0],"lerp_mode":"catmullrom"},"1.0":{"post":[0,0,0],"lerp_mode":"catmullrom"}}}},"sound_effects":{"0.0":{"effect":"pokemon.ninetales.cry"}}},"animation.ninetales.blink":{"animation_length":0.1667,"bones":{"eyelid_left":{"position":{"0.0":[0.1,0,-0.1],"0.125":[0.1,0,-0.1],"0.1667":[0,0,0]}},"eyelid_right":{"position":{"0.0":[-0.1,0,-0.1],"0.125":[-0.1,0,-0.1],"0.1667":[0,0,0]}}}},"animation.ninetales.shock":{"loop":true,"bones":{"pupil_left":{"scale":[0.7,0.7,1]},"jaw":{"rotation":[70,0,0]},"pupil_right":{"scale":[0.7,0.7,1]}}},"animation.ninetales.angry":{"loop":true,"bones":{"eye_angry_left":{"position":[0.1,0,-0.1]},"eye_angry_right":{"position":[-0.1,0,-0.1]}}},"animation.ninetales.sad":{"loop":true,"bones":{"eye_sad_left":{"position":[0.1,0,-0.1]},"eye_sad_right":{"position":[-0.1,0,-0.1]}}},"animation.ninetales.happy":{"loop":true,"bones":{"jaw":{"rotation":[70,0,0]},"eyelid_happy_left":{"position":[0.1,0,-0.1]},"eyelid_happy_right":{"position":[-0.1,0,-0.1]}}},"animation.ninetales.hurt":{"loop":true,"bones":{"eyelid_recoil_left":{"position":[0.1,0,-0.1]},"eyelid_recoil_right":{"position":[-0.1,0,-0.1]}}}}}