{"format_version":"1.8.0","animations":{"animation.swampert.ground_idle":{"loop":true,"bones":{"body":{"position":[0,1.75,0]},"chest2":{"rotation":[-12.5,0,0]},"neck":{"rotation":[-5,0,0]},"leg_left":{"rotation":[8.77647,-12.0131,-53.28718]},"leg_left2":{"rotation":[4.54163,-0.2127,45.09046]},"leg_left3":{"rotation":[9.83802,-2.51058,9.95791]},"foot_left":{"rotation":[-27.58324,-3.55523,20.16242]},"leg_right":{"rotation":[8.77647,12.0131,53.2872]},"leg_right2":{"rotation":[4.54163,0.2127,-45.0905]},"leg_right3":{"rotation":[9.83802,2.5106,-9.9579]},"foot_right":{"rotation":[-27.58324,3.5552,-20.1624]},"arm_left2":{"rotation":[-4.36302,-31.26463,17.62528]},"arm_left3":{"rotation":[1.80384,2.38704,35.42915]},"arm_left":{"rotation":[-13.31914,-14.63639,12.92638]},"finger_front_left":{"rotation":[0,-37.5,20]},"finger_middle_left":{"rotation":[0,-32.5,0]},"finger_back_left":{"rotation":[0,-30,-27.5]},"fingers_left":{"rotation":[0,37.5,0]},"arm_right":{"rotation":[-13.31914,14.6364,-12.9264]},"arm_right2":{"rotation":[-4.36302,31.2646,-17.6253]},"arm_right3":{"rotation":[1.80384,-2.387,-35.4292]},"fingers_right":{"rotation":[0,-37.5,0]},"finger_front_right":{"rotation":[0,37.5,-20]},"finger_middle_right":{"rotation":[0,32.5,0]},"finger_back_right":{"rotation":[0,30,27.5]},"torso":{"rotation":[-2.5,0,0]},"chest":{"rotation":[-7.5,0,0]},"hand_left":{"rotation":[0,-17.5,0]},"finger_front_left2":{"rotation":[0,-12.5,0]},"finger_middle_left2":{"rotation":[0,-10,0]},"finger_back_left2":{"rotation":[0,-15,0]},"head_angle":{"rotation":[12.5,0,0]},"hand_right":{"rotation":[0,17.5,0]},"finger_front_right2":{"rotation":[0,12.5,0]},"finger_middle_right2":{"rotation":[0,10,0]},"finger_back_right2":{"rotation":[0,15,0]}}},"animation.swampert.pose":{"loop":true,"bones":{"body":{"position":[0,3.55,0]},"chest2":{"rotation":[-10.28356,-9.39128,3.45119]},"neck":{"rotation":[-30,0,0]},"leg_left":{"rotation":[-9.40804,-3.40487,-44.71975]},"leg_left2":{"rotation":[4.54657,-0.0146,42.59832]},"leg_left3":{"rotation":[-10.16198,-2.51058,9.95791]},"foot_left":{"rotation":[-13.69969,-9.53889,15.75547]},"leg_right":{"rotation":[-9.40804,3.40487,44.71975]},"leg_right2":{"rotation":[4.54657,0.0146,-42.59832]},"leg_right3":{"rotation":[-10.16198,2.51058,-9.95791]},"foot_right":{"rotation":[-13.69969,9.53889,-15.75547]},"arm_left2":{"rotation":[-9.36302,-31.26463,17.62528]},"arm_left3":{"rotation":[21.06751,34.61296,38.33496]},"arm_left":{"rotation":[-49.00318,2.43762,15.16691]},"wrist_left":{"rotation":[0,7.5,0]},"finger_front_left":{"rotation":[0,7.5,20]},"finger_middle_left":{"rotation":[0,2.5,0]},"finger_back_left":{"rotation":[0,-10,-27.5]},"fingers_left":{"rotation":[0,22.5,0]},"arm_right":{"rotation":[-49.00318,-2.43762,-15.16691]},"arm_right2":{"rotation":[-9.36302,31.26463,-17.62528]},"arm_right3":{"rotation":[21.06751,-34.61296,-38.33496]},"wrist_right":{"rotation":[0,-7.5,0]},"fingers_right":{"rotation":[0,-22.5,0]},"finger_front_right":{"rotation":[0,-7.5,-20]},"finger_middle_right":{"rotation":[0,-2.5,0]},"finger_back_right":{"rotation":[0,10,27.5]},"eyelid_happy_left":{"position":[0,0.1,0]},"eyelid_recoil_left":{"position":[0,0.1,0]},"torso":{"rotation":[35,0,0]},"chest":{"rotation":[7.11874,-8.64916,5.03838]},"hand_left":{"rotation":[-7.5305,-4.9405,0.76222]},"hand_right":{"rotation":[-7.5305,4.9405,-0.76222]},"head_angle":{"rotation":[0,0,-30]},"pupil_left":{"position":[1,0,0]},"jaw":{"rotation":[22.5,0,0]},"tail_base":{"rotation":[0,0,0]},"swampert":{"rotation":[0,52.5,0]}}},"animation.swampert.cry":{"animation_length":1.2,"sound_effects":{"0.04":{"effect":"pokemon.swampert.cry"}}},"animation.swampert.blink":{"animation_length":0.1667,"bones":{"eyelid_right":{"position":{"0.0":[0,-0.1,0],"0.125":[0,-0.1,0],"0.1667":[0,0,0]}},"eyelid_left":{"position":{"0.0":[0,-0.1,0],"0.125":[0,-0.1,0],"0.1667":[0,0,0]}}}},"animation.swampert.shock":{"loop":true,"bones":{"pupil_left":{"position":[0.5,0,0.25],"scale":[0.8,1,0.8]},"jaw":{"rotation":[25,0,0]},"pupil_right":{"position":[-0.5,0,0.25],"scale":[0.8,1,0.8]}}},"animation.swampert.angry":{"loop":true,"bones":{"eye_angry_left":{"position":[0,-0.1,0]},"eye_angry_right":{"position":[0,-0.1,0]}}},"animation.swampert.sad":{"loop":true,"bones":{"eye_sad_left":{"position":[0,-0.1,0]},"eye_sad_right":{"position":[0,-0.1,0]}}},"animation.swampert.happy":{"loop":true,"bones":{"eyelid_happy_left":{"position":[0,-0.1,0]},"jaw":{"rotation":[25,0,0]},"eyelid_happy_right":{"position":[0,-0.1,0]}}},"animation.swampert.hurt":{"loop":true,"bones":{"eyelid_recoil_left":{"position":[0,-0.1,0]},"eyelid_recoil_right":{"position":[0,-0.1,0]}}}}}