{"format_version":"1.8.0","animations":{"animation.purugly.test2":{"loop":true,"bones":{"torso":{"rotation":[0,0,0]},"upper_torso":{"rotation":[-7.5,0,0]},"head":{"rotation":[-12.5,0,0]},"tail_1":{"rotation":[15.68556,18.52085,5.03783]},"tail_2":{"rotation":[14.5572,-6.10814,-3.72535]},"tail_3":{"rotation":[7.5,-87.5,17.5]},"tail_4":{"rotation":[7.5,-87.5,17.5]},"tail_5":{"rotation":[7.5,-87.5,17.5]},"tail_6":{"rotation":[7.5,-87.5,17.5]},"tail_7":{"rotation":[7.5,-87.5,17.5]},"tail_8":{"rotation":[7.5,-87.5,17.5]},"tail_9":{"rotation":[7.5,-87.5,17.5]},"tail_10":{"rotation":[7.5,-87.5,17.5]},"tail_11":{"rotation":[7.5,-87.5,17.5]},"tail_12":{"rotation":[5.84644,-76.06411,24.23878]},"tail_13":{"rotation":[5.734,-43.61922,30.6944]},"tail_14":{"rotation":[-2.41187,35.53175,-16.16702]},"left_upper_back_leg":{"rotation":[4.98107,0.43523,-4.98107]},"left_lower_back_leg":{"rotation":[-4.98107,0.43523,4.98107]},"left_back_paw":{"rotation":[0,-10,0]},"left_upper_front_leg":{"rotation":[-10.73523,15.31153,-26.02121],"position":[0,-2.1,0.5]},"left_lower_front_leg":{"rotation":[-22.39702,-1.14847,7.63764]},"left_front_paw":{"rotation":[24.36206,-10.36559,15.09566]},"waist":{"rotation":[17.5,0,0],"scale":1},"nose":{"rotation":[0,0,0]},"right_upper_front_leg":{"rotation":[-10.73523,-15.31153,26.02121],"position":[0,-2.1,0.5]},"right_lower_front_leg":{"rotation":[-22.39702,1.14847,-7.63764]},"right_front_paw":{"rotation":[24.36206,10.36559,-15.09566]},"right_upper_back_leg":{"rotation":[4.98107,-0.43523,4.98107]},"right_lower_back_leg":{"rotation":[-4.98107,-0.43523,-4.98107]},"right_back_paw":{"rotation":[0,10,0]},"middle_tail_fluff":{"rotation":[-92.18298,-6.97037,4.2436],"position":[-0.15,0.75,-1.25]},"left_tail_fluff":{"rotation":[0,-47.5,0]},"left_tail_fluff2":{"rotation":[0,-45,0]},"belly":{"rotation":[-12.5,0,0]},"right_tail_fluff":{"rotation":[0,47.5,0]},"right_tail_fluff2":{"rotation":[0,45,0]}}},"animation.purugly.test3":{"animation_length":1,"bones":{"torso":{"rotation":{"0.0":[-7.5,0,0],"0.5":[0,0,0]}},"upper_torso":{"rotation":{"0.0":[7.5,0,0],"0.5":[-7.5,0,0]}},"head":{"rotation":{"0.0":[-5,0,0],"0.5":[-12.5,0,0]}},"tail_1":{"rotation":{"0.0":[47.81374,17.38772,18.2489],"0.5":[15.68556,18.52085,5.03783]}},"tail_2":{"rotation":{"0.0":[44.5572,-6.10814,-3.72535],"0.5":[14.5572,-6.10814,-3.72535]}},"tail_3":{"rotation":{"0.0":[2.5,-87.5,17.5],"0.5":[7.5,-87.5,17.5]}},"tail_4":{"rotation":{"0.0":[2.5,-87.5,17.5],"0.5":[7.5,-87.5,17.5]}},"tail_5":{"rotation":{"0.0":[2.5,-87.5,17.5],"0.5":[7.5,-87.5,17.5]}},"tail_6":{"rotation":{"0.0":[2.5,-87.5,17.5],"0.5":[7.5,-87.5,17.5]}},"tail_7":{"rotation":{"0.0":[2.5,-87.5,17.5],"0.5":[7.5,-87.5,17.5]}},"tail_8":{"rotation":{"0.0":[2.5,-87.5,17.5],"0.5":[7.5,-87.5,17.5]}},"tail_9":{"rotation":{"0.0":[2.5,-87.5,17.5],"0.5":[7.5,-87.5,17.5]}},"tail_10":{"rotation":{"0.0":[2.5,-87.5,17.5],"0.5":[7.5,-87.5,17.5]}},"tail_11":{"rotation":{"0.0":[2.5,-87.5,17.5],"0.5":[7.5,-87.5,17.5]}},"tail_12":{"rotation":{"0.0":[0.83539,-82.50159,19.16937],"0.5":[5.84644,-76.06411,24.23878]}},"tail_13":{"rotation":{"0.0":[2.88816,-83.50366,19.61851],"0.5":[5.734,-43.61922,30.6944]}},"tail_14":{"rotation":{"0.0":[-21.63588,56.42961,-19.36824],"0.5":[-2.41187,35.53175,-16.16702]}},"left_upper_back_leg":{"rotation":{"0.0":[4.98107,0.43523,-4.98107],"0.5":[4.98107,0.43523,-4.98107]}},"left_lower_back_leg":{"rotation":{"0.0":[-4.98107,0.43523,4.98107],"0.5":[-4.98107,0.43523,4.98107]}},"left_back_paw":{"rotation":{"0.0":[0,-10,0],"0.5":[0,-10,0]}},"left_upper_front_leg":{"rotation":{"0.0":[4.88279,-9.61325,-4.84674],"0.5":[-10.73523,15.31153,-26.02121]},"position":{"0.0":[0,-0.35,0],"0.5":[0,-2.1,0.5]}},"left_lower_front_leg":{"rotation":{"0.0":[-7.44002,-1.99857,7.8249],"0.5":[-22.39702,-1.14847,7.63764]}},"left_front_paw":{"rotation":{"0.0":[3.46378,-4.82777,-3.10129],"0.5":[24.36206,-10.36559,15.09566]}},"waist":{"rotation":{"0.0":[7.5,0,0],"0.5":[17.5,0,0]},"scale":1},"nose":{"rotation":{"0.0":[0,0,0],"0.5":[0,0,0]}},"right_upper_front_leg":{"rotation":{"0.0":[4.88279,9.61325,4.84674],"0.5":[-10.73523,-15.31153,26.02121]},"position":{"0.0":[0,-0.35,0],"0.5":[0,-2.1,0.5]}},"right_lower_front_leg":{"rotation":{"0.0":[-7.44002,1.99857,-7.8249],"0.5":[-22.39702,1.14847,-7.63764]}},"right_front_paw":{"rotation":{"0.0":[3.46378,4.82777,3.10129],"0.5":[24.36206,10.36559,-15.09566]}},"right_upper_back_leg":{"rotation":{"0.0":[4.98107,-0.43523,4.98107],"0.5":[4.98107,-0.43523,4.98107]}},"right_lower_back_leg":{"rotation":{"0.0":[-4.98107,-0.43523,-4.98107],"0.5":[-4.98107,-0.43523,-4.98107]}},"right_back_paw":{"rotation":{"0.0":[0,10,0],"0.5":[0,10,0]}},"middle_tail_fluff":{"rotation":{"0.0":[-30.00395,0.84338,-0.53734],"0.5":[-92.18298,-6.97037,4.2436]},"position":{"0.0":[0,0.25,-0.5],"0.5":[-0.15,0.75,-1.25]}},"left_tail_fluff":{"rotation":{"0.0":[0,-90,0],"0.5":[0,-47.5,0]},"position":{"0.0":[0.5,0,0],"0.5":[0,0,0]}},"left_tail_fluff2":{"rotation":{"0.0":[0,-90,0],"0.5":[0,-45,0]},"position":{"0.0":[0,0,0.5],"0.5":[0,0,0]}},"belly":{"rotation":{"0.0":[0,0,0],"0.5":[-12.5,0,0]},"scale":{"0.0":[0,0,0],"0.25":[1,1,1],"0.2917":[1.05,1.05,1.05],"0.375":[1,1,1],"0.4167":[1.025,1.025,1.025],"0.5":[1,1,1]}},"right_tail_fluff":{"rotation":{"0.0":[0,90,0],"0.5":[0,47.5,0]},"position":{"0.0":[-0.5,0,0],"0.5":[0,0,0]}},"right_tail_fluff2":{"rotation":{"0.0":[0,90,0],"0.5":[0,45,0]},"position":{"0.0":[0,0,0.5],"0.5":[0,0,0]}}}},"animation.purugly.ground_idle":{"loop":true,"bones":{"torso":{"rotation":[-7.5,0,0]},"upper_torso":{"rotation":[7.5,0,0]},"head":{"rotation":[-5,0,0]},"tail_1":{"rotation":[47.81374,17.38772,18.2489]},"tail_2":{"rotation":[44.5572,-6.10814,-3.72535]},"tail_3":{"rotation":[2.5,-87.5,17.5]},"tail_4":{"rotation":[2.5,-87.5,17.5]},"tail_5":{"rotation":[2.5,-87.5,17.5]},"tail_6":{"rotation":[2.5,-87.5,17.5]},"tail_7":{"rotation":[2.5,-87.5,17.5]},"tail_8":{"rotation":[2.5,-87.5,17.5]},"tail_9":{"rotation":[2.5,-87.5,17.5]},"tail_10":{"rotation":[2.5,-87.5,17.5]},"tail_11":{"rotation":[2.5,-87.5,17.5]},"tail_12":{"rotation":[0.83539,-82.50159,19.16937]},"tail_13":{"rotation":[2.88816,-83.50366,19.61851]},"tail_14":{"rotation":[-21.63588,56.42961,-19.36824]},"left_upper_back_leg":{"rotation":[4.98107,0.43523,-4.98107]},"left_lower_back_leg":{"rotation":[-4.98107,0.43523,4.98107]},"left_back_paw":{"rotation":[0,-10,0]},"left_upper_front_leg":{"rotation":[4.88279,-9.61325,-4.84674],"position":[0,-0.35,0]},"left_lower_front_leg":{"rotation":[-7.44002,-1.99857,7.8249]},"left_front_paw":{"rotation":[3.46378,-4.82777,-3.10129]},"waist":{"rotation":[7.5,0,0]},"nose":{"rotation":[0,0,0]},"right_upper_front_leg":{"rotation":[4.88279,9.61325,4.84674],"position":[0,-0.35,0]},"right_lower_front_leg":{"rotation":[-7.44002,1.99857,-7.8249]},"right_front_paw":{"rotation":[3.46378,4.82777,3.10129]},"right_upper_back_leg":{"rotation":[4.98107,-0.43523,4.98107]},"right_lower_back_leg":{"rotation":[-4.98107,-0.43523,-4.98107]},"right_back_paw":{"rotation":[0,10,0]},"middle_tail_fluff":{"rotation":[-30.00395,0.84338,-0.53734],"position":[0,0.25,-0.5]},"left_tail_fluff":{"rotation":[0,-90,0],"position":[0.5,0,0]},"left_tail_fluff2":{"rotation":[0,-90,0],"position":[0,0,0.5]},"belly":{"scale":0},"right_tail_fluff":{"rotation":[0,90,0],"position":[-0.5,0,0]},"right_tail_fluff2":{"rotation":[0,90,0],"position":[0,0,0.5]}}},"animation.purugly.blink":{"animation_length":0.1667,"bones":{"left_eyelid":{"position":{"0.0":[0.1,0,-0.1],"0.125":[0.1,0,-0.1],"0.1667":[0,0,0]}},"right_eyelid":{"position":{"0.0":[-0.1,0,-0.1],"0.125":[-0.1,0,-0.1],"0.1667":[0,0,0]}}}},"animation.purugly.cry":{"animation_length":1.25,"bones":{"neck":{"rotation":{"0.0":[0,0,0],"0.375":[-2.5,0,0],"0.875":[-2.5,0,0],"1.25":[0,0,0]}},"upper_torso":{"rotation":{"0.0":[0,0,0],"0.375":[-2.5,0,0],"0.875":[-2.5,0,0],"1.25":[0,0,0]}},"head":{"rotation":{"0.0":[0,0,0],"0.25":[-7.5,0,0],"1.0":[-7.5,0,0],"1.25":[0,0,0]}},"mouth_open":{"position":{"0.2083":[0,0,0],"0.25":[0,-0.1,-0.1],